{
  "name": "Service Now",
  "id": "yesoreyeram-servicenow-datasource",
  "type": "datasource",
  "metrics": true,
  "annotations": true,
  "info": {
    "version": "%VERSION%",
    "updated": "%TODAY%",
    "description": "Grafana Service Now Datasource",
    "author": {
      "name": "Sriramajeyam Sugumaran",
      "url": "https://www.google.com/search?q=Sriramajeyam+Sugumaran"
    },
    "logos": {
      "small": "img/yesoreyeram-grafana-servicenow-datasource-logo.jpg",
      "large": "img/yesoreyeram-grafana-servicenow-datasource-logo.jpg"
    },
    "keywords": [
      "grafana",
      "Service Now",
      "servicenow",
      "service-now"
    ],
    "screenshots": [],
    "links": [
      {
        "name": "Github",
        "url": "https://github.com/yesoreyeram/grafana-servicenow-datasource"
      }
    ]
  },
  "dependencies": {
    "grafanaDependency": ">=7.0.0",
    "grafanaVersion": "5.2.x",
    "plugins": []
  },
  "includes": [
    {
      "type": "dashboard",
      "name": "Service Now - Showcase",
      "path": "dashboards/servicenow-showcase.json"
    }
  ],
  "routes": []
}